_id,followeds,userid
60ab2108137a297b021550db,[],string
60ab2115137a297b021550df,"[{""userid"":""string2"",""nackname"":""string2""},{""userid"":""moshanghuakai"",""nackname"":""huakaimoshang""}]",huajiaohuixiang
60ab3f36aa5c5fbf4933a4a4,"[{""userid"":""huajiaohuixiang"",""nackname"":""花椒茴香""}]",string2
60ab5a99b1418f77875e8796,[],moshanghuakai
60b228ccbf0f902b34d68696,[],strin22g
60b61922c247a0260c90e902,[],1
60b61dc53f04bfa0ab42dee7,[],159
60b629b7ee14fa638f1fdc30,[],q
60b62a86ee14fa638f1fdc36,[],w
60b9bec4ed3f9c47ae5ebcf7,[],qwer
60bb1cb86106a18bc28d41c1,[],jiaojiao
60bb26a0650fdb36d2716a21,[],123
60be2b39610e3009572fca51,[],huajiaohuixian
60be2bb2610e3009572fca58,[],崔银健
60be2d17610e3009572fca61,[],huajiaohuixiang
60be2e3288369dac0f6efa53,[],NETS LEVEL
60be2f1d88369dac0f6efa5c,[],Sz
60be31f388369dac0f6efa65,[],star
60be3ab088369dac0f6efa72,[],VEIGNORUE
60c1cf73444e79d67d639395,[],test