PostId,_id,comments
,000000000000000000000000,[]
,60ab2919c13294c2ee92471c,[]
60ab2dfce64687a4960e6270,60ab2dfce64687a4960e6271,"[{""_id"":{""$oid"":""60ab2e8a3c36545cab933c1f""},""username"":""string"",""comTime"":{""$date"":""2021-05-24T04:41:37.391Z""},""comment"":""太妙了"",""likes"":0,""comments"":0},{""_id"":{""$oid"":""60ab3f77aa5c5fbf4933a4a6""},""username"":""string"",""comTime"":{""$date"":""2021-05-24T05:53:26.420Z""},""comment"":""string"",""likes"":0,""comments"":0},{""_id"":{""$oid"":""60ab3f88aa5c5fbf4933a4a7""},""username"":""string2"",""comTime"":{""$date"":""2021-05-24T05:53:26.420Z""},""comment"":""string"",""likes"":0,""comments"":0},{""_id"":{""$oid"":""60ab40e0397a8ac044fc0559""},""username"":""string2"",""comTime"":{""$date"":""2021-05-24T05:59:45.923Z""},""comment"":""太棒了"",""likes"":0,""comments"":0}]"
60ab2fc2d0742cb2d724cd86,60ab2fc2d0742cb2d724cd87,[]
60ab30b9d0742cb2d724cd88,60ab30b9d0742cb2d724cd89,[]
60ab428e397a8ac044fc055a,60ab428e397a8ac044fc055b,[]
60ab42d0397a8ac044fc055c,60ab42d0397a8ac044fc055d,[]
60ab4318397a8ac044fc055e,60ab4318397a8ac044fc055f,[]
60ab594ab1418f77875e878e,60ab594bb1418f77875e878f,[]
60ab5a52b1418f77875e8790,60ab5a77b1418f77875e8791,[]
60ab5b02b1418f77875e8798,60ab5b13b1418f77875e8799,[]
60ab5b637e219977597c5ae5,60ab5b637e219977597c5ae6,"[{""_id"":{""$oid"":""60ab5e07e305144bcfde7ab1""},""username"":""moshanghuakai"",""comTime"":{""$date"":""2021-05-24T08:04:01.384Z""},""comment"":""不敢"",""likes"":0,""comments"":0}]"
60bb48d49e010b6cc8093dad,60bb48d49e010b6cc8093dae,[]
60bb713f46262afdb7bb302a,60bb713f46262afdb7bb302b,[]
60bb715046262afdb7bb302c,60bb715046262afdb7bb302d,[]
60bb7b8a6b4afc32b04ced3a,60bb7b8b6b4afc32b04ced3b,[]
60bb7b916b4afc32b04ced3c,60bb7b916b4afc32b04ced3d,[]
60bb7b956b4afc32b04ced3e,60bb7b956b4afc32b04ced3f,[]
60bc88912203de7a732a23f4,60bc88922203de7a732a23f5,[]
60bc8a0a9103d2b32ab19ee1,60bc8a0b9103d2b32ab19ee2,[]
60bc8a209c2bdce1c98fca4b,60bc8a209c2bdce1c98fca4c,[]
60bc8e1054704925c4005823,60bc8e1054704925c4005824,[]
60bc8e5854704925c4005825,60bc8e5854704925c4005826,[]
60bc8e6c54704925c4005827,60bc8e6c54704925c4005828,[]
60bc8fc054704925c4005829,60bc8fc054704925c400582a,[]
60bc92489a7d52fd63950453,60bc92489a7d52fd63950454,[]
60bc934f9a7d52fd63950455,60bc934f9a7d52fd63950456,[]
60bc937f1279c19dc4c9b669,60bc937f1279c19dc4c9b66a,[]
60bc93fd9a7d52fd63950457,60bc93fd9a7d52fd63950458,[]
60bc949c2a5602db4d3bffd7,60bc949c2a5602db4d3bffd8,[]
60bc957e2a5602db4d3bffd9,60bc957e2a5602db4d3bffda,[]
60bc95af2a5602db4d3bffdb,60bc95af2a5602db4d3bffdc,[]
60bd68a89a5e3c04446146a6,60bd68a89a5e3c04446146a7,[]
60bd6a1b563bb4ff01dc82c5,60bd6a1c563bb4ff01dc82c6,[]
60bd6d0c4259e5ccd22415ea,60bd6d0c4259e5ccd22415eb,[]
60bd6e49da1966515ea410b6,60bd6e49da1966515ea410b7,[]
60bd6ea9885db5d5ec999c89,60bd6eaa885db5d5ec999c8a,[]
60bd74b40745f3b570bc1b42,60bd74b40745f3b570bc1b43,[]
60bd7691a32928480cdc01a7,60bd7692a32928480cdc01a8,[]
60bda694af129f4abca14e30,60bda694af129f4abca14e31,"[{""_id"":{""$oid"":""60be0a1ebe0eb0654a96389c""},""username"":""123"",""comTime"":{""$date"":""2021-06-07T11:59:26.257Z""},""comment"":""太美了"",""likes"":0,""comments"":0}]"
60bda907db3cb90af87f1bbf,60bda907db3cb90af87f1bc0,"[{""_id"":{""$oid"":""60be2bd8610e3009572fca5b""},""username"":""崔银健"",""comTime"":{""$date"":""2021-06-07T14:23:20.350Z""},""comment"":""嘤嘤嘤"",""likes"":0,""comments"":0}]"
60be0620ed77daa706996392,60be0620ed77daa706996393,"[{""_id"":{""$oid"":""60be0dc2377e877f0d2cfa18""},""username"":""123"",""comTime"":{""$date"":""2021-06-07T12:14:58.307Z""},""comment"":""你这个盒子可以放生吗？"",""likes"":0,""comments"":0},{""_id"":{""$oid"":""60be20b09e18b5ed269a8ef9""},""username"":""123"",""comTime"":{""$date"":""2021-06-07T13:35:44.757Z""},""comment"":""???"",""likes"":0,""comments"":0},{""_id"":{""$oid"":""60be2458a76ea8e26172eb56""},""username"":""123"",""comTime"":{""$date"":""2021-06-07T13:51:20.137Z""},""comment"":""妙啊"",""likes"":0,""comments"":0},{""_id"":{""$oid"":""60be24ab0b4ad0474dfd48ac""},""username"":""123"",""comTime"":{""$date"":""2021-06-07T13:52:43.225Z""},""comment"":""妙啊"",""likes"":0,""comments"":0},{""_id"":{""$oid"":""60be251263057bd9213f7ae6""},""username"":""123"",""comTime"":{""$date"":""2021-06-07T13:54:26.442Z""},""comment"":""妙啊"",""likes"":0,""comments"":0},{""_id"":{""$oid"":""60be2bee610e3009572fca5c""},""username"":""崔银健"",""comTime"":{""$date"":""2021-06-07T14:23:42.014Z""},""comment"":""喵喵喵"",""likes"":0,""comments"":0}]"
60be2d37610e3009572fca64,60be2d38610e3009572fca65,[]
60be2e7388369dac0f6efa56,60be2e7388369dac0f6efa57,"[{""_id"":{""$oid"":""60be355788369dac0f6efa6b""},""username"":""huajiaohuixiang"",""comTime"":{""$date"":""2021-06-07T15:03:51.766Z""},""comment"":""傻子春哥"",""likes"":0,""comments"":0}]"
60be2f7688369dac0f6efa5f,60be2f7788369dac0f6efa60,"[{""_id"":{""$oid"":""60be354788369dac0f6efa6a""},""username"":""huajiaohuixiang"",""comTime"":{""$date"":""2021-06-07T15:03:35.083Z""},""comment"":""沙币尚泽哥哥"",""likes"":0,""comments"":0}]"
60be321488369dac0f6efa68,60be321488369dac0f6efa69,[]
60be392988369dac0f6efa6c,60be392988369dac0f6efa6d,[]
60bee00888369dac0f6efa76,60bee00888369dac0f6efa77,"[{""_id"":{""$oid"":""60c155c988369dac0f6efa78""},""username"":""huajiaohuixiang"",""comTime"":{""$date"":""2021-06-09T23:59:05.314Z""},""comment"":""？"",""likes"":0,""comments"":0},{""_id"":{""$oid"":""60c188e888369dac0f6efa7a""},""username"":""VEIGNORUE"",""comTime"":{""$date"":""2021-06-10T03:37:12.891Z""},""comment"":""叫爸爸"",""likes"":0,""comments"":0}]"
60c1d202843cdfb1adb76d8b,60c1d202843cdfb1adb76d8c,[]