_id,userPostList,username
60ab2108137a297b021550da,"[{""_id"":{""$oid"":""000000000000000000000000""},""username"":""string"",""nackname"":""string"",""publishTime"":{""$date"":""2021-05-24T04:05:49.649Z""},""content"":""string"",""likes"":0,""comments"":0},{""_id"":{""$oid"":""000000000000000000000000""},""username"":""string"",""nackname"":""string"",""publishTime"":{""$date"":""2021-05-24T04:05:49.649Z""},""content"":""落霞与孤鹜齐飞"",""likes"":0,""comments"":0},{""_id"":{""$oid"":""60ab2919c13294c2ee92471c""},""username"":""string"",""nackname"":""string"",""publishTime"":{""$date"":""2021-05-24T04:18:18.654Z""},""content"":""秋水共长天一色"",""likes"":0,""comments"":0}]",string
60ab2115137a297b021550de,"[{""_id"":{""$oid"":""60be2d37610e3009572fca64""},""username"":""huajiaohuixiang"",""nackname"":null,""avatar"":"""",""publishTime"":{""$date"":{""$numberLong"":""-62135596800000""}},""content"":""憨憨小崔"",""likes"":0,""comments"":0,""views"":1,""viewList"":[""huajiaohuixiang""],""likesList"":[""huajiaohuixiang"",""star"",""VEIGNORUE""],""photoesList"":[""http://120.79.157.21/huajiaohuixiang/Screenshot_2021-06-06-23-36-26-803_com.tencent.mm.jpg""],""createdTime"":{""$date"":""2021-06-07T14:29:11.685Z""},""updatedTime"":{""$date"":""2021-06-07T14:29:11.685Z""}},{""_id"":{""$oid"":""60c1d202843cdfb1adb76d8b""},""username"":""huajiaohuixiang"",""nickname"":""花椒茴香"",""avatar"":""/avatar/default.png"",""publishTime"":{""$date"":{""$numberLong"":""-62135596800000""}},""content"":""今天好闷啊"",""likes"":0,""comments"":0,""views"":0,""viewList"":[],""likesList"":[],""photoesList"":[],""createdTime"":{""$date"":""2021-06-10T08:49:06.264Z""},""updatedTime"":{""$date"":""2021-06-10T08:49:06.264Z""}}]",huajiaohuixiang
60ab3ebf7f4b284fb415b604,[],string1
60ab3f36aa5c5fbf4933a4a1,"[{""_id"":{""$oid"":""60ab428e397a8ac044fc055a""},""username"":""string2"",""nackname"":""string2"",""publishTime"":{""$date"":""2021-05-24T06:06:17.706Z""},""content"":""江阔云低，断雁叫西风"",""likes"":0,""comments"":0},{""_id"":{""$oid"":""60ab42d0397a8ac044fc055c""},""username"":""string2"",""nackname"":""string2"",""publishTime"":{""$date"":""2021-05-24T06:06:17.706Z""},""content"":""江阔云低，断雁叫西风2"",""likes"":0,""comments"":0},{""_id"":{""$oid"":""60ab4318397a8ac044fc055e""},""username"":""huajiaohuixiang"",""nackname"":""huajiaohuixiang"",""publishTime"":{""$date"":""2021-05-24T06:06:17.706Z""},""content"":""一任阶前，点滴到天明"",""likes"":0,""comments"":0}]",string2
60ab5a99b1418f77875e8793,[],moshanghuakai
60b228ccbf0f902b34d68693,[],strin22g
60b61922c247a0260c90e8ff,[],1
60b61dc53f04bfa0ab42dee4,[],159
60b629b7ee14fa638f1fdc2d,[],q
60b62a86ee14fa638f1fdc33,[],w
60b9bec3ed3f9c47ae5ebcf4,"[{""_id"":{""$oid"":""60bb713f46262afdb7bb302a""},""username"":""qwer"",""nackname"":""qwer"",""avatar"":"""",""publishTime"":{""$date"":""2021-06-05T09:49:23.996Z""},""content"":""看招2"",""likes"":0,""comments"":0,""views"":5,""viewList"":[],""likesList"":[],""photoesList"":[],""createedTime"":{""$date"":""2021-06-05T12:42:39.484Z""},""updatedTime"":{""$date"":""2021-06-05T12:42:39.484Z""}},{""_id"":{""$oid"":""60bb715046262afdb7bb302c""},""username"":""qwer"",""nackname"":""qwer"",""avatar"":"""",""publishTime"":{""$date"":""2021-06-05T09:49:23.996Z""},""content"":""看招3"",""likes"":0,""comments"":0,""views"":0,""viewList"":[],""likesList"":[],""photoesList"":[],""createedTime"":{""$date"":""2021-06-05T12:42:56.029Z""},""updatedTime"":{""$date"":""2021-06-05T12:42:56.029Z""}},{""_id"":{""$oid"":""60bb7b8a6b4afc32b04ced3a""},""username"":""qwer"",""nackname"":""qwer"",""avatar"":"""",""publishTime"":{""$date"":""2021-06-05T09:49:23.996Z""},""content"":""看招"",""likes"":0,""comments"":0,""views"":10,""viewList"":[""qwer"",""qwer"",""qwer"",""qwer"",""qwer"",""qwer"",""qwer"",""qwer"",""qwer"",""qwer""],""likesList"":[],""photoesList"":[],""createedTime"":{""$date"":""2021-06-05T13:26:34.943Z""},""updatedTime"":{""$date"":""2021-06-05T13:26:34.943Z""}},{""_id"":{""$oid"":""60bb7b916b4afc32b04ced3c""},""username"":""qwer"",""nackname"":""qwer"",""avatar"":"""",""publishTime"":{""$date"":""2021-06-05T09:49:23.996Z""},""content"":""看招2"",""likes"":0,""comments"":0,""views"":0,""viewList"":[],""likesList"":[""qwer"",""qwer""],""photoesList"":[],""createedTime"":{""$date"":""2021-06-05T13:26:41.081Z""},""updatedTime"":{""$date"":""2021-06-05T13:26:41.081Z""}},{""_id"":{""$oid"":""60bb7b956b4afc32b04ced3e""},""username"":""qwer"",""nackname"":""qwer"",""avatar"":"""",""publishTime"":{""$date"":""2021-06-05T09:49:23.996Z""},""content"":""看招3"",""likes"":0,""comments"":0,""views"":1,""viewList"":[""qwer""],""likesList"":[],""photoesList"":[],""createedTime"":{""$date"":""2021-06-05T13:26:45.084Z""},""updatedTime"":{""$date"":""2021-06-05T13:26:45.084Z""}}]",qwer
60bb1cb86106a18bc28d41be,[],jiaojiao
60bb26a0650fdb36d2716a1e,"[{""_id"":{""$oid"":""60bda694af129f4abca14e30""},""username"":""123"",""nackname"":null,""avatar"":"""",""publishTime"":{""$date"":{""$numberLong"":""-62135596800000""}},""content"":""落霞与孤鹜齐飞，秋水共长天一色"",""likes"":0,""comments"":0,""views"":8,""viewList"":[""123"",""123"",""123"",""123"",""123"",""123"",""123"",""123""],""likesList"":[""123"",""huajiaohuixiang""],""photoesList"":[],""createdTime"":{""$date"":""2021-06-07T04:54:44.347Z""},""updatedTime"":{""$date"":""2021-06-07T04:54:44.347Z""}},{""_id"":{""$oid"":""60bda907db3cb90af87f1bbf""},""username"":""123"",""nackname"":null,""avatar"":"""",""publishTime"":{""$date"":{""$numberLong"":""-62135596800000""}},""content"":""嘤嘤嘤"",""likes"":0,""comments"":1,""views"":7,""viewList"":[""123"",""123"",""123"",""123"",""123"",""123"",""123""],""likesList"":[""123"",""star"",""huajiaohuixiang""],""photoesList"":[""http://120.79.157.21/123/Screenshot_2021-06-07-11-32-38-767_com.able.wisdomtree.jpg""],""createdTime"":{""$date"":""2021-06-07T05:05:11.202Z""},""updatedTime"":{""$date"":""2021-06-07T05:05:11.202Z""}},{""_id"":{""$oid"":""60be0620ed77daa706996392""},""username"":""123"",""nackname"":null,""avatar"":"""",""publishTime"":{""$date"":{""$numberLong"":""-62135596800000""}},""content"":""你的故事需要一个存在密码的盒子"",""likes"":0,""comments"":5,""views"":40,""viewList"":[""123"",""123"",""123"",""123"",""123"",""123"",""123"",""123"",""123"",""123"",""123"",""123"",""123"",""123"",""123"",""123"",""123"",""123"",""123"",""123"",""123"",""123"",""123"",""123"",""123"",""123"",""123"",""123"",""123"",""123"",""123"",""123"",""123"",""123"",""123"",""123"",""123"",""123"",""123"",""123""],""likesList"":[""123"",""huajiaohuixiang"",""star""],""photoesList"":[""http://120.79.157.21/123/IMG_20210529_115842.jpg""],""createdTime"":{""$date"":""2021-06-07T11:42:24.166Z""},""updatedTime"":{""$date"":""2021-06-07T11:42:24.166Z""}}]",123
60be2b39610e3009572fca4e,[],huajiaohuixian
60be2bb2610e3009572fca55,"[{""_id"":{""$oid"":""60be392988369dac0f6efa6c""},""username"":""崔银健"",""nackname"":null,""avatar"":"""",""publishTime"":{""$date"":{""$numberLong"":""-62135596800000""}},""content"":""呀呀呀呀呀呀"",""likes"":0,""comments"":0,""views"":2,""viewList"":[""崔银健"",""崔银健""],""likesList"":[""huajiaohuixiang""],""photoesList"":[],""createdTime"":{""$date"":""2021-06-07T15:20:09.103Z""},""updatedTime"":{""$date"":""2021-06-07T15:20:09.103Z""}}]",崔银健
60be2d17610e3009572fca5e,[],huajiaohuixiang
60be2e3288369dac0f6efa50,"[{""_id"":{""$oid"":""60be2e7388369dac0f6efa56""},""username"":""NETS LEVEL"",""nackname"":null,""avatar"":"""",""publishTime"":{""$date"":{""$numberLong"":""-62135596800000""}},""content"":""傻逼春春"",""likes"":0,""comments"":1,""views"":9,""viewList"":[""NETS LEVEL"",""NETS LEVEL"",""NETS LEVEL"",""NETS LEVEL"",""NETS LEVEL"",""NETS LEVEL"",""NETS LEVEL"",""NETS LEVEL"",""NETS LEVEL""],""likesList"":[],""photoesList"":[],""createdTime"":{""$date"":""2021-06-07T14:34:27.513Z""},""updatedTime"":{""$date"":""2021-06-07T14:34:27.513Z""}}]",NETS LEVEL
60be2f1d88369dac0f6efa59,"[{""_id"":{""$oid"":""60be2f7688369dac0f6efa5f""},""username"":""Sz"",""nackname"":null,""avatar"":"""",""publishTime"":{""$date"":{""$numberLong"":""-62135596800000""}},""content"":""王乾我爸爸"",""likes"":0,""comments"":1,""views"":11,""viewList"":[""Sz"",""Sz"",""Sz"",""Sz"",""Sz"",""Sz"",""Sz"",""Sz"",""Sz"",""Sz"",""Sz""],""likesList"":[""huajiaohuixiang"",""VEIGNORUE""],""photoesList"":[],""createdTime"":{""$date"":""2021-06-07T14:38:46.960Z""},""updatedTime"":{""$date"":""2021-06-07T14:38:46.960Z""}}]",Sz
60be31f288369dac0f6efa62,"[{""_id"":{""$oid"":""60be321488369dac0f6efa68""},""username"":""star"",""nackname"":null,""avatar"":"""",""publishTime"":{""$date"":{""$numberLong"":""-62135596800000""}},""content"":""芜湖起飞"",""likes"":0,""comments"":0,""views"":1,""viewList"":[""star""],""likesList"":[""huajiaohuixiang""],""photoesList"":[],""createdTime"":{""$date"":""2021-06-07T14:49:56.380Z""},""updatedTime"":{""$date"":""2021-06-07T14:49:56.380Z""}}]",star
60be3ab088369dac0f6efa6f,"[{""_id"":{""$oid"":""60bee00888369dac0f6efa76""},""username"":""VEIGNORUE"",""nackname"":null,""avatar"":"""",""publishTime"":{""$date"":{""$numberLong"":""-62135596800000""}},""content"":""@huajiaohuixiang"",""likes"":0,""comments"":2,""views"":11,""viewList"":[""VEIGNORUE"",""VEIGNORUE"",""VEIGNORUE"",""VEIGNORUE"",""VEIGNORUE"",""VEIGNORUE"",""VEIGNORUE"",""VEIGNORUE"",""VEIGNORUE"",""huajiaohuixiang"",""huajiaohuixiang""],""likesList"":[],""photoesList"":[],""createdTime"":{""$date"":""2021-06-08T03:12:08.707Z""},""updatedTime"":{""$date"":""2021-06-08T03:12:08.707Z""}}]",VEIGNORUE
60c1cf72444e79d67d639392,[],test