_id,comments,username
60ab3f36aa5c5fbf4933a4a3,"[{""_id"":{""$oid"":""60ab40e0397a8ac044fc0559""},""username"":""string2"",""comTime"":{""$date"":""2021-05-24T05:59:45.923Z""},""comment"":""太棒了"",""likes"":0,""comments"":0}]",string2
60ab5a99b1418f77875e8795,"[{""_id"":{""$oid"":""60ab5e07e305144bcfde7ab1""},""username"":""moshanghuakai"",""comTime"":{""$date"":""2021-05-24T08:04:01.384Z""},""comment"":""不敢"",""likes"":0,""comments"":0}]",moshanghuakai
60b228ccbf0f902b34d68695,[],strin22g
60b61922c247a0260c90e901,[],1
60b61dc53f04bfa0ab42dee6,[],159
60b629b7ee14fa638f1fdc2f,[],q
60b62a86ee14fa638f1fdc35,[],w
60b9bec4ed3f9c47ae5ebcf6,[],qwer
60bb1cb86106a18bc28d41c0,[],jiaojiao
60bb26a0650fdb36d2716a20,"[{""_id"":{""$oid"":""60be0a1ebe0eb0654a96389c""},""username"":""123"",""comTime"":{""$date"":""2021-06-07T11:59:26.257Z""},""comment"":""太美了"",""likes"":0,""comments"":0},{""_id"":{""$oid"":""60be0dc2377e877f0d2cfa18""},""username"":""123"",""comTime"":{""$date"":""2021-06-07T12:14:58.307Z""},""comment"":""你这个盒子可以放生吗？"",""likes"":0,""comments"":0},{""_id"":{""$oid"":""60be20b09e18b5ed269a8ef9""},""username"":""123"",""comTime"":{""$date"":""2021-06-07T13:35:44.757Z""},""comment"":""???"",""likes"":0,""comments"":0},{""_id"":{""$oid"":""60be2458a76ea8e26172eb56""},""username"":""123"",""comTime"":{""$date"":""2021-06-07T13:51:20.137Z""},""comment"":""妙啊"",""likes"":0,""comments"":0},{""_id"":{""$oid"":""60be24ab0b4ad0474dfd48ac""},""username"":""123"",""comTime"":{""$date"":""2021-06-07T13:52:43.225Z""},""comment"":""妙啊"",""likes"":0,""comments"":0},{""_id"":{""$oid"":""60be251263057bd9213f7ae6""},""username"":""123"",""comTime"":{""$date"":""2021-06-07T13:54:26.442Z""},""comment"":""妙啊"",""likes"":0,""comments"":0}]",123
60be2b39610e3009572fca50,[],huajiaohuixian
60be2bb2610e3009572fca57,"[{""_id"":{""$oid"":""60be2bd8610e3009572fca5b""},""username"":""崔银健"",""comTime"":{""$date"":""2021-06-07T14:23:20.350Z""},""comment"":""嘤嘤嘤"",""likes"":0,""comments"":0},{""_id"":{""$oid"":""60be2bee610e3009572fca5c""},""username"":""崔银健"",""comTime"":{""$date"":""2021-06-07T14:23:42.014Z""},""comment"":""喵喵喵"",""likes"":0,""comments"":0}]",崔银健
60be2d17610e3009572fca60,"[{""_id"":{""$oid"":""60be354788369dac0f6efa6a""},""username"":""huajiaohuixiang"",""comTime"":{""$date"":""2021-06-07T15:03:35.083Z""},""comment"":""沙币尚泽哥哥"",""likes"":0,""comments"":0},{""_id"":{""$oid"":""60be355788369dac0f6efa6b""},""username"":""huajiaohuixiang"",""comTime"":{""$date"":""2021-06-07T15:03:51.766Z""},""comment"":""傻子春哥"",""likes"":0,""comments"":0},{""_id"":{""$oid"":""60c155c988369dac0f6efa78""},""username"":""huajiaohuixiang"",""comTime"":{""$date"":""2021-06-09T23:59:05.314Z""},""comment"":""？"",""likes"":0,""comments"":0}]",huajiaohuixiang
60be2e3288369dac0f6efa52,[],NETS LEVEL
60be2f1d88369dac0f6efa5b,[],Sz
60be31f388369dac0f6efa64,[],star
60be3ab088369dac0f6efa71,"[{""_id"":{""$oid"":""60c188e888369dac0f6efa7a""},""username"":""VEIGNORUE"",""comTime"":{""$date"":""2021-06-10T03:37:12.891Z""},""comment"":""叫爸爸"",""likes"":0,""comments"":0}]",VEIGNORUE
60c1cf72444e79d67d639394,[],test