_id,userFollowedsPostList,username
60ab5a99b1418f77875e8794,"[""huajiaohuixiang"",""60ab5b637e219977597c5ae5"",""60be2d37610e3009572fca64"",""60c1d202843cdfb1adb76d8b""]",moshanghuakai
60b228ccbf0f902b34d68694,[],strin22g
60b61922c247a0260c90e900,[],1
60b61dc53f04bfa0ab42dee5,[],159
60b629b7ee14fa638f1fdc2e,[],q
60b62a86ee14fa638f1fdc34,[],w
60b9bec3ed3f9c47ae5ebcf5,[],qwer
60bb1cb86106a18bc28d41bf,[],jiaojiao
60bb26a0650fdb36d2716a1f,[],123
60be2b39610e3009572fca4f,[],huajiaohuixian
60be2bb2610e3009572fca56,[],崔银健
60be2d17610e3009572fca5f,[],huajiaohuixiang
60be2e3288369dac0f6efa51,[],NETS LEVEL
60be2f1d88369dac0f6efa5a,[],Sz
60be31f288369dac0f6efa63,[],star
60be3ab088369dac0f6efa70,[],VEIGNORUE
60c1cf72444e79d67d639393,[],test